customer_id,shipment_id,rating,feedback
CUST00001,SHP00001,5,Excellent
CUST00002,SHP00002,1,Excellent
CUST00003,SHP00003,2,Package damaged
CUST00004,SHP00004,3,Poor communication
CUST00005,SHP00005,2,Package damaged
CUST00006,SHP00006,2,Very satisfied
CUST00007,SHP00007,2,Very satisfied
CUST00008,SHP00008,3,Average experience
CUST00009,SHP00009,4,On time
CUST00010,SHP00010,2,Great service
CUST00011,SHP00011,2,Average experience
CUST00012,SHP00012,3,Average experience
CUST00013,SHP00013,3,Very satisfied
CUST00014,SHP00014,4,On time
CUST00015,SHP00015,1,Poor communication
CUST00016,SHP00016,5,Late delivery
CUST00017,SHP00017,1,Very satisfied
CUST00018,SHP00018,1,Excellent
CUST00019,SHP00019,1,Great service
CUST00020,SHP00020,4,On time
CUST00021,SHP00021,1,Average experience
CUST00022,SHP00022,1,On time
CUST00023,SHP00023,3,Average experience
CUST00024,SHP00024,3,Excellent
CUST00025,SHP00025,4,On time
CUST00026,SHP00026,1,Package damaged
CUST00027,SHP00027,1,Very satisfied
CUST00028,SHP00028,3,Excellent
CUST00029,SHP00029,2,Excellent
CUST00030,SHP00030,4,Package damaged
CUST00031,SHP00031,5,Poor communication
CUST00032,SHP00032,2,Package damaged
CUST00033,SHP00033,4,Very satisfied
CUST00034,SHP00034,3,Very satisfied
CUST00035,SHP00035,4,Great service
CUST00036,SHP00036,1,Very satisfied
CUST00037,SHP00037,5,On time
CUST00038,SHP00038,2,Poor communication
CUST00039,SHP00039,2,Late delivery
CUST00040,SHP00040,3,On time
CUST00041,SHP00041,2,On time
CUST00042,SHP00042,5,Great service
CUST00043,SHP00043,5,Late delivery
CUST00044,SHP00044,2,Average experience
CUST00045,SHP00045,4,Great service
CUST00046,SHP00046,5,Average experience
CUST00047,SHP00047,4,Average experience
CUST00048,SHP00048,1,Late delivery
CUST00049,SHP00049,5,Average experience
CUST00050,SHP00050,3,Package damaged
CUST00051,SHP00051,5,Package damaged
CUST00052,SHP00052,5,Poor communication
CUST00053,SHP00053,4,On time
CUST00054,SHP00054,4,Excellent
CUST00055,SHP00055,4,Late delivery
CUST00056,SHP00056,1,Great service
CUST00057,SHP00057,1,Package damaged
CUST00058,SHP00058,4,Great service
CUST00059,SHP00059,5,Great service
CUST00060,SHP00060,4,Great service
CUST00061,SHP00061,2,Very satisfied
CUST00062,SHP00062,5,Great service
CUST00063,SHP00063,5,Average experience
CUST00064,SHP00064,4,Package damaged
CUST00065,SHP00065,2,Great service
CUST00066,SHP00066,4,Great service
CUST00067,SHP00067,5,Package damaged
CUST00068,SHP00068,3,Excellent
CUST00069,SHP00069,5,Late delivery
CUST00070,SHP00070,4,Very satisfied
CUST00071,SHP00071,3,Very satisfied
CUST00072,SHP00072,4,Late delivery
CUST00073,SHP00073,5,Average experience
CUST00074,SHP00074,3,Great service
CUST00075,SHP00075,4,Excellent
CUST00076,SHP00076,3,Poor communication
CUST00077,SHP00077,4,Poor communication
CUST00078,SHP00078,4,Late delivery
CUST00079,SHP00079,4,Very satisfied
CUST00080,SHP00080,4,Poor communication
CUST00081,SHP00081,3,On time
CUST00082,SHP00082,5,Late delivery
CUST00083,SHP00083,5,On time
CUST00084,SHP00084,4,Excellent
CUST00085,SHP00085,4,Very satisfied
CUST00086,SHP00086,5,Poor communication
CUST00087,SHP00087,1,Great service
CUST00088,SHP00088,2,Excellent
CUST00089,SHP00089,3,Late delivery
CUST00090,SHP00090,2,Great service
CUST00091,SHP00091,2,Average experience
CUST00092,SHP00092,2,Average experience
CUST00093,SHP00093,5,Package damaged
CUST00094,SHP00094,1,Package damaged
CUST00095,SHP00095,2,Average experience
CUST00096,SHP00096,3,Poor communication
CUST00097,SHP00097,2,Poor communication
CUST00098,SHP00098,4,Package damaged
CUST00099,SHP00099,2,Great service
CUST00100,SHP00100,5,Great service
CUST00101,SHP00101,4,Excellent
CUST00102,SHP00102,1,Average experience
CUST00103,SHP00103,2,Poor communication
CUST00104,SHP00104,1,Average experience
CUST00105,SHP00105,5,Poor communication
CUST00106,SHP00106,2,Late delivery
CUST00107,SHP00107,3,Very satisfied
CUST00108,SHP00108,4,Very satisfied
CUST00109,SHP00109,3,On time
CUST00110,SHP00110,2,Poor communication
CUST00111,SHP00111,5,Package damaged
CUST00112,SHP00112,4,Great service
CUST00113,SHP00113,1,Poor communication
CUST00114,SHP00114,2,Average experience
CUST00115,SHP00115,4,Package damaged
CUST00116,SHP00116,2,Late delivery
CUST00117,SHP00117,4,Average experience
CUST00118,SHP00118,2,Package damaged
CUST00119,SHP00119,3,Late delivery
CUST00120,SHP00120,2,Poor communication
CUST00121,SHP00121,4,Late delivery
CUST00122,SHP00122,5,Package damaged
CUST00123,SHP00123,4,Late delivery
CUST00124,SHP00124,2,Very satisfied
CUST00125,SHP00125,2,Late delivery
CUST00126,SHP00126,3,Package damaged
CUST00127,SHP00127,1,Great service
CUST00128,SHP00128,2,Package damaged
CUST00129,SHP00129,4,Great service
CUST00130,SHP00130,1,Excellent
CUST00131,SHP00131,2,Package damaged
CUST00132,SHP00132,3,Great service
CUST00133,SHP00133,2,Very satisfied
CUST00134,SHP00134,1,Excellent
CUST00135,SHP00135,2,Package damaged
CUST00136,SHP00136,2,Package damaged
CUST00137,SHP00137,1,Package damaged
CUST00138,SHP00138,5,Excellent
CUST00139,SHP00139,3,Average experience
CUST00140,SHP00140,1,Late delivery
CUST00141,SHP00141,3,Very satisfied
CUST00142,SHP00142,5,Great service
CUST00143,SHP00143,3,Very satisfied
CUST00144,SHP00144,2,Very satisfied
CUST00145,SHP00145,1,Poor communication
CUST00146,SHP00146,1,Very satisfied
CUST00147,SHP00147,4,Average experience
CUST00148,SHP00148,5,Great service
CUST00149,SHP00149,4,Excellent
CUST00150,SHP00150,3,Poor communication
CUST00151,SHP00151,3,Excellent
CUST00152,SHP00152,2,On time
CUST00153,SHP00153,3,Very satisfied
CUST00154,SHP00154,5,Package damaged
CUST00155,SHP00155,4,Late delivery
CUST00156,SHP00156,4,Excellent
CUST00157,SHP00157,1,Poor communication
CUST00158,SHP00158,2,Late delivery
CUST00159,SHP00159,4,Package damaged
CUST00160,SHP00160,5,Average experience
CUST00161,SHP00161,5,Poor communication
CUST00162,SHP00162,5,Package damaged
CUST00163,SHP00163,3,Late delivery
CUST00164,SHP00164,5,Package damaged
CUST00165,SHP00165,5,Great service
CUST00166,SHP00166,2,Very satisfied
CUST00167,SHP00167,5,Very satisfied
CUST00168,SHP00168,5,Package damaged
CUST00169,SHP00169,2,On time
CUST00170,SHP00170,3,Great service
CUST00171,SHP00171,2,Late delivery
CUST00172,SHP00172,1,Poor communication
CUST00173,SHP00173,5,Average experience
CUST00174,SHP00174,3,Poor communication
CUST00175,SHP00175,1,Great service
CUST00176,SHP00176,2,Poor communication
CUST00177,SHP00177,1,Average experience
CUST00178,SHP00178,4,Average experience
CUST00179,SHP00179,5,Average experience
CUST00180,SHP00180,1,Average experience
CUST00181,SHP00181,4,Package damaged
CUST00182,SHP00182,3,Very satisfied
CUST00183,SHP00183,4,Very satisfied
CUST00184,SHP00184,1,Excellent
CUST00185,SHP00185,5,Average experience
CUST00186,SHP00186,2,Late delivery
CUST00187,SHP00187,5,Poor communication
CUST00188,SHP00188,5,On time
CUST00189,SHP00189,1,Package damaged
CUST00190,SHP00190,5,Poor communication
CUST00191,SHP00191,2,Excellent
CUST00192,SHP00192,2,Very satisfied
CUST00193,SHP00193,4,Late delivery
CUST00194,SHP00194,2,On time
CUST00195,SHP00195,3,Poor communication
CUST00196,SHP00196,5,Average experience
CUST00197,SHP00197,2,Very satisfied
CUST00198,SHP00198,3,Package damaged
CUST00199,SHP00199,5,Average experience
CUST00200,SHP00200,2,Excellent
CUST00201,SHP00201,5,Poor communication
CUST00202,SHP00202,5,Excellent
CUST00203,SHP00203,1,Package damaged
CUST00204,SHP00204,5,Poor communication
CUST00205,SHP00205,3,Excellent
CUST00206,SHP00206,4,Poor communication
CUST00207,SHP00207,4,Poor communication
CUST00208,SHP00208,2,On time
CUST00209,SHP00209,4,Great service
CUST00210,SHP00210,5,Very satisfied
CUST00211,SHP00211,2,Great service
CUST00212,SHP00212,1,Late delivery
CUST00213,SHP00213,1,Great service
CUST00214,SHP00214,2,Very satisfied
CUST00215,SHP00215,2,Average experience
CUST00216,SHP00216,4,Package damaged
CUST00217,SHP00217,2,Poor communication
CUST00218,SHP00218,4,Very satisfied
CUST00219,SHP00219,2,Late delivery
CUST00220,SHP00220,2,Package damaged
CUST00221,SHP00221,3,Very satisfied
CUST00222,SHP00222,3,Package damaged
CUST00223,SHP00223,5,On time
CUST00224,SHP00224,4,Average experience
CUST00225,SHP00225,1,On time
CUST00226,SHP00226,5,On time
CUST00227,SHP00227,1,Great service
CUST00228,SHP00228,3,Average experience
CUST00229,SHP00229,4,Great service
CUST00230,SHP00230,4,Package damaged
CUST00231,SHP00231,2,Average experience
CUST00232,SHP00232,3,Excellent
CUST00233,SHP00233,4,Package damaged
CUST00234,SHP00234,4,Poor communication
CUST00235,SHP00235,5,Poor communication
CUST00236,SHP00236,3,On time
CUST00237,SHP00237,4,Average experience
CUST00238,SHP00238,1,Great service
CUST00239,SHP00239,5,Package damaged
CUST00240,SHP00240,4,On time
CUST00241,SHP00241,4,Excellent
CUST00242,SHP00242,3,On time
CUST00243,SHP00243,1,Excellent
CUST00244,SHP00244,3,Very satisfied
CUST00245,SHP00245,2,Excellent
CUST00246,SHP00246,4,Average experience
CUST00247,SHP00247,5,Excellent
CUST00248,SHP00248,3,Very satisfied
CUST00249,SHP00249,2,Package damaged
CUST00250,SHP00250,5,Very satisfied
CUST00251,SHP00251,5,Great service
CUST00252,SHP00252,3,Late delivery
CUST00253,SHP00253,5,Great service
CUST00254,SHP00254,3,Average experience
CUST00255,SHP00255,4,Poor communication
CUST00256,SHP00256,1,Package damaged
CUST00257,SHP00257,4,Excellent
CUST00258,SHP00258,4,Very satisfied
CUST00259,SHP00259,1,Package damaged
CUST00260,SHP00260,4,Excellent
CUST00261,SHP00261,2,Excellent
CUST00262,SHP00262,3,Great service
CUST00263,SHP00263,5,Average experience
CUST00264,SHP00264,5,Poor communication
CUST00265,SHP00265,5,Package damaged
CUST00266,SHP00266,5,Great service
CUST00267,SHP00267,4,Late delivery
CUST00268,SHP00268,3,Great service
CUST00269,SHP00269,2,Package damaged
CUST00270,SHP00270,1,Average experience
CUST00271,SHP00271,3,Average experience
CUST00272,SHP00272,5,Late delivery
CUST00273,SHP00273,3,Package damaged
CUST00274,SHP00274,3,Package damaged
CUST00275,SHP00275,3,Excellent
CUST00276,SHP00276,5,Average experience
CUST00277,SHP00277,5,Poor communication
CUST00278,SHP00278,2,On time
CUST00279,SHP00279,2,On time
CUST00280,SHP00280,3,Average experience
CUST00281,SHP00281,1,Package damaged
CUST00282,SHP00282,5,Very satisfied
CUST00283,SHP00283,1,Great service
CUST00284,SHP00284,5,Great service
CUST00285,SHP00285,2,Poor communication
CUST00286,SHP00286,3,Average experience
CUST00287,SHP00287,5,Excellent
CUST00288,SHP00288,4,Average experience
CUST00289,SHP00289,1,Excellent
CUST00290,SHP00290,5,Great service
CUST00291,SHP00291,2,Very satisfied
CUST00292,SHP00292,4,Excellent
CUST00293,SHP00293,4,Excellent
CUST00294,SHP00294,4,Average experience
CUST00295,SHP00295,5,On time
CUST00296,SHP00296,1,Average experience
CUST00297,SHP00297,1,Late delivery
CUST00298,SHP00298,2,On time
CUST00299,SHP00299,3,Great service
CUST00300,SHP00300,2,Average experience
CUST00301,SHP00301,3,Poor communication
CUST00302,SHP00302,5,Average experience
CUST00303,SHP00303,5,On time
CUST00304,SHP00304,5,Great service
CUST00305,SHP00305,1,Excellent
CUST00306,SHP00306,1,Poor communication
CUST00307,SHP00307,5,Package damaged
CUST00308,SHP00308,2,Package damaged
CUST00309,SHP00309,3,Late delivery
CUST00310,SHP00310,5,Average experience
CUST00311,SHP00311,4,Great service
CUST00312,SHP00312,1,Package damaged
CUST00313,SHP00313,5,Poor communication
CUST00314,SHP00314,3,Great service
CUST00315,SHP00315,1,Late delivery
CUST00316,SHP00316,5,Poor communication
CUST00317,SHP00317,4,Package damaged
CUST00318,SHP00318,5,Great service
CUST00319,SHP00319,1,Great service
CUST00320,SHP00320,1,Late delivery
CUST00321,SHP00321,3,Poor communication
CUST00322,SHP00322,4,On time
CUST00323,SHP00323,5,On time
CUST00324,SHP00324,3,Great service
CUST00325,SHP00325,4,On time
CUST00326,SHP00326,5,Excellent
CUST00327,SHP00327,5,On time
CUST00328,SHP00328,2,Average experience
CUST00329,SHP00329,3,Great service
CUST00330,SHP00330,3,Poor communication
CUST00331,SHP00331,1,On time
CUST00332,SHP00332,5,Package damaged
CUST00333,SHP00333,5,Average experience
CUST00334,SHP00334,5,Very satisfied
CUST00335,SHP00335,1,Average experience
CUST00336,SHP00336,4,On time
CUST00337,SHP00337,4,Great service
CUST00338,SHP00338,5,Great service
CUST00339,SHP00339,3,Late delivery
CUST00340,SHP00340,5,Package damaged
CUST00341,SHP00341,2,Poor communication
CUST00342,SHP00342,1,Very satisfied
CUST00343,SHP00343,1,Average experience
CUST00344,SHP00344,1,Late delivery
CUST00345,SHP00345,5,Package damaged
CUST00346,SHP00346,2,Late delivery
CUST00347,SHP00347,1,Package damaged
CUST00348,SHP00348,3,Poor communication
CUST00349,SHP00349,2,Late delivery
CUST00350,SHP00350,1,Excellent
CUST00351,SHP00351,1,Great service
CUST00352,SHP00352,2,Very satisfied
CUST00353,SHP00353,1,Very satisfied
CUST00354,SHP00354,4,Poor communication
CUST00355,SHP00355,5,Poor communication
CUST00356,SHP00356,4,Late delivery
CUST00357,SHP00357,4,Excellent
CUST00358,SHP00358,5,Great service
CUST00359,SHP00359,4,Average experience
CUST00360,SHP00360,1,On time
CUST00361,SHP00361,2,Average experience
CUST00362,SHP00362,2,Great service
CUST00363,SHP00363,2,Great service
CUST00364,SHP00364,4,Poor communication
CUST00365,SHP00365,1,Average experience
CUST00366,SHP00366,3,Very satisfied
CUST00367,SHP00367,1,Late delivery
CUST00368,SHP00368,1,On time
CUST00369,SHP00369,5,Average experience
CUST00370,SHP00370,1,On time
CUST00371,SHP00371,5,On time
CUST00372,SHP00372,1,Late delivery
CUST00373,SHP00373,2,Package damaged
CUST00374,SHP00374,2,Great service
CUST00375,SHP00375,2,Poor communication
CUST00376,SHP00376,3,Very satisfied
CUST00377,SHP00377,5,Late delivery
CUST00378,SHP00378,1,Average experience
CUST00379,SHP00379,2,Package damaged
CUST00380,SHP00380,1,Excellent
CUST00381,SHP00381,3,Average experience
CUST00382,SHP00382,5,On time
CUST00383,SHP00383,1,Average experience
CUST00384,SHP00384,1,Average experience
CUST00385,SHP00385,5,Great service
CUST00386,SHP00386,3,Poor communication
CUST00387,SHP00387,1,Poor communication
CUST00388,SHP00388,2,On time
CUST00389,SHP00389,1,Late delivery
CUST00390,SHP00390,1,Package damaged
CUST00391,SHP00391,4,Great service
CUST00392,SHP00392,5,On time
CUST00393,SHP00393,4,Excellent
CUST00394,SHP00394,1,Great service
CUST00395,SHP00395,3,Excellent
CUST00396,SHP00396,4,Great service
CUST00397,SHP00397,5,On time
CUST00398,SHP00398,5,Very satisfied
CUST00399,SHP00399,1,Excellent
CUST00400,SHP00400,1,Package damaged
CUST00401,SHP00401,3,Average experience
CUST00402,SHP00402,5,Poor communication
CUST00403,SHP00403,3,Excellent
CUST00404,SHP00404,5,Poor communication
CUST00405,SHP00405,1,Average experience
CUST00406,SHP00406,1,Poor communication
CUST00407,SHP00407,5,Great service
CUST00408,SHP00408,4,Late delivery
CUST00409,SHP00409,4,Excellent
CUST00410,SHP00410,3,Average experience
CUST00411,SHP00411,4,Package damaged
CUST00412,SHP00412,5,Poor communication
CUST00413,SHP00413,5,Great service
CUST00414,SHP00414,4,Excellent
CUST00415,SHP00415,2,Excellent
CUST00416,SHP00416,1,Excellent
CUST00417,SHP00417,2,Great service
CUST00418,SHP00418,3,Poor communication
CUST00419,SHP00419,4,Very satisfied
CUST00420,SHP00420,4,Late delivery
CUST00421,SHP00421,3,Package damaged
CUST00422,SHP00422,5,Excellent
CUST00423,SHP00423,4,Average experience
CUST00424,SHP00424,4,On time
CUST00425,SHP00425,5,Poor communication
CUST00426,SHP00426,2,Great service
CUST00427,SHP00427,1,Average experience
CUST00428,SHP00428,3,Very satisfied
CUST00429,SHP00429,2,Average experience
CUST00430,SHP00430,1,Very satisfied
CUST00431,SHP00431,3,Average experience
CUST00432,SHP00432,5,Poor communication
CUST00433,SHP00433,5,Great service
CUST00434,SHP00434,2,Average experience
CUST00435,SHP00435,2,Very satisfied
CUST00436,SHP00436,4,On time
CUST00437,SHP00437,1,Average experience
CUST00438,SHP00438,4,Late delivery
CUST00439,SHP00439,5,Average experience
CUST00440,SHP00440,4,Great service
CUST00441,SHP00441,2,Excellent
CUST00442,SHP00442,5,Late delivery
CUST00443,SHP00443,3,Average experience
CUST00444,SHP00444,5,Average experience
CUST00445,SHP00445,4,Great service
CUST00446,SHP00446,1,Average experience
CUST00447,SHP00447,3,Average experience
CUST00448,SHP00448,2,Very satisfied
CUST00449,SHP00449,4,Excellent
CUST00450,SHP00450,1,Late delivery
CUST00451,SHP00451,1,Poor communication
CUST00452,SHP00452,4,Late delivery
CUST00453,SHP00453,2,On time
CUST00454,SHP00454,2,Poor communication
CUST00455,SHP00455,2,Excellent
CUST00456,SHP00456,2,Package damaged
CUST00457,SHP00457,3,Late delivery
CUST00458,SHP00458,3,Average experience
CUST00459,SHP00459,1,Great service
CUST00460,SHP00460,5,Poor communication
CUST00461,SHP00461,5,Excellent
CUST00462,SHP00462,5,Average experience
CUST00463,SHP00463,1,Very satisfied
CUST00464,SHP00464,2,On time
CUST00465,SHP00465,3,Great service
CUST00466,SHP00466,3,Late delivery
CUST00467,SHP00467,1,Poor communication
CUST00468,SHP00468,2,Poor communication
CUST00469,SHP00469,2,On time
CUST00470,SHP00470,2,On time
CUST00471,SHP00471,5,Excellent
CUST00472,SHP00472,3,Average experience
CUST00473,SHP00473,1,Poor communication
CUST00474,SHP00474,5,Package damaged
CUST00475,SHP00475,3,Late delivery
CUST00476,SHP00476,2,Late delivery
CUST00477,SHP00477,2,On time
CUST00478,SHP00478,1,On time
CUST00479,SHP00479,2,Excellent
CUST00480,SHP00480,3,Package damaged
CUST00481,SHP00481,1,Excellent
CUST00482,SHP00482,1,Excellent
CUST00483,SHP00483,1,Very satisfied
CUST00484,SHP00484,5,Package damaged
CUST00485,SHP00485,3,Package damaged
CUST00486,SHP00486,4,Very satisfied
CUST00487,SHP00487,5,Late delivery
CUST00488,SHP00488,3,Great service
CUST00489,SHP00489,2,On time
CUST00490,SHP00490,1,Average experience
CUST00491,SHP00491,5,Late delivery
CUST00492,SHP00492,2,On time
CUST00493,SHP00493,2,Very satisfied
CUST00494,SHP00494,5,On time
CUST00495,SHP00495,5,On time
CUST00496,SHP00496,1,Great service
CUST00497,SHP00497,5,Average experience
CUST00498,SHP00498,2,Excellent
CUST00499,SHP00499,2,Average experience
CUST00500,SHP00500,3,Very satisfied
CUST00501,SHP00501,5,Average experience
CUST00502,SHP00502,2,Poor communication
CUST00503,SHP00503,3,Very satisfied
CUST00504,SHP00504,4,Excellent
CUST00505,SHP00505,3,Late delivery
CUST00506,SHP00506,4,Package damaged
CUST00507,SHP00507,3,Late delivery
CUST00508,SHP00508,2,Very satisfied
CUST00509,SHP00509,2,Poor communication
CUST00510,SHP00510,3,Excellent
CUST00511,SHP00511,2,Late delivery
CUST00512,SHP00512,3,Package damaged
CUST00513,SHP00513,3,On time
CUST00514,SHP00514,1,Very satisfied
CUST00515,SHP00515,5,Late delivery
CUST00516,SHP00516,5,Great service
CUST00517,SHP00517,3,Great service
CUST00518,SHP00518,2,Excellent
CUST00519,SHP00519,3,Poor communication
CUST00520,SHP00520,2,Late delivery
CUST00521,SHP00521,5,Very satisfied
CUST00522,SHP00522,2,Great service
CUST00523,SHP00523,3,Very satisfied
CUST00524,SHP00524,4,Very satisfied
CUST00525,SHP00525,4,Average experience
CUST00526,SHP00526,4,Great service
CUST00527,SHP00527,5,Late delivery
CUST00528,SHP00528,5,Very satisfied
CUST00529,SHP00529,3,Poor communication
CUST00530,SHP00530,5,Very satisfied
CUST00531,SHP00531,1,Late delivery
CUST00532,SHP00532,1,Very satisfied
CUST00533,SHP00533,3,Package damaged
CUST00534,SHP00534,1,Package damaged
CUST00535,SHP00535,4,Poor communication
CUST00536,SHP00536,5,Package damaged
CUST00537,SHP00537,1,Poor communication
CUST00538,SHP00538,2,Average experience
CUST00539,SHP00539,2,On time
CUST00540,SHP00540,1,Very satisfied
CUST00541,SHP00541,3,On time
CUST00542,SHP00542,3,Excellent
CUST00543,SHP00543,2,Great service
CUST00544,SHP00544,1,Great service
CUST00545,SHP00545,4,On time
CUST00546,SHP00546,3,Excellent
CUST00547,SHP00547,3,Late delivery
CUST00548,SHP00548,5,Average experience
CUST00549,SHP00549,3,Poor communication
CUST00550,SHP00550,4,Excellent
CUST00551,SHP00551,3,Package damaged
CUST00552,SHP00552,2,On time
CUST00553,SHP00553,5,Very satisfied
CUST00554,SHP00554,1,On time
CUST00555,SHP00555,3,Package damaged
CUST00556,SHP00556,2,Package damaged
CUST00557,SHP00557,3,Very satisfied
CUST00558,SHP00558,2,Average experience
CUST00559,SHP00559,5,Very satisfied
CUST00560,SHP00560,1,On time
CUST00561,SHP00561,1,Great service
CUST00562,SHP00562,2,Excellent
CUST00563,SHP00563,2,Excellent
CUST00564,SHP00564,3,Very satisfied
CUST00565,SHP00565,3,Poor communication
CUST00566,SHP00566,5,Average experience
CUST00567,SHP00567,1,On time
CUST00568,SHP00568,4,Average experience
CUST00569,SHP00569,1,Late delivery
CUST00570,SHP00570,1,Poor communication
CUST00571,SHP00571,5,Late delivery
CUST00572,SHP00572,4,Excellent
CUST00573,SHP00573,2,Very satisfied
CUST00574,SHP00574,4,Package damaged
CUST00575,SHP00575,5,Late delivery
CUST00576,SHP00576,4,Excellent
CUST00577,SHP00577,5,Great service
CUST00578,SHP00578,2,Package damaged
CUST00579,SHP00579,1,Late delivery
CUST00580,SHP00580,2,Late delivery
CUST00581,SHP00581,2,Poor communication
CUST00582,SHP00582,3,Great service
CUST00583,SHP00583,4,Great service
CUST00584,SHP00584,3,Very satisfied
CUST00585,SHP00585,2,On time
CUST00586,SHP00586,3,Package damaged
CUST00587,SHP00587,4,Very satisfied
CUST00588,SHP00588,3,Very satisfied
CUST00589,SHP00589,4,Very satisfied
CUST00590,SHP00590,3,Great service
CUST00591,SHP00591,4,Great service
CUST00592,SHP00592,2,Average experience
CUST00593,SHP00593,4,Average experience
CUST00594,SHP00594,3,Average experience
CUST00595,SHP00595,1,Great service
CUST00596,SHP00596,4,Average experience
CUST00597,SHP00597,2,Late delivery
CUST00598,SHP00598,5,Late delivery
CUST00599,SHP00599,1,Late delivery
CUST00600,SHP00600,5,Late delivery
CUST00601,SHP00601,1,Package damaged
CUST00602,SHP00602,5,Average experience
CUST00603,SHP00603,5,Late delivery
CUST00604,SHP00604,4,Excellent
CUST00605,SHP00605,4,Late delivery
CUST00606,SHP00606,4,Excellent
CUST00607,SHP00607,2,Package damaged
CUST00608,SHP00608,2,Great service
CUST00609,SHP00609,3,Poor communication
CUST00610,SHP00610,5,Average experience
CUST00611,SHP00611,5,Late delivery
CUST00612,SHP00612,1,Average experience
CUST00613,SHP00613,4,Average experience
CUST00614,SHP00614,1,Excellent
CUST00615,SHP00615,5,Poor communication
CUST00616,SHP00616,2,On time
CUST00617,SHP00617,2,Package damaged
CUST00618,SHP00618,3,Excellent
CUST00619,SHP00619,2,Poor communication
CUST00620,SHP00620,5,Excellent
CUST00621,SHP00621,5,On time
CUST00622,SHP00622,1,Excellent
CUST00623,SHP00623,4,Poor communication
CUST00624,SHP00624,1,Late delivery
CUST00625,SHP00625,3,Late delivery
CUST00626,SHP00626,1,Great service
CUST00627,SHP00627,4,Package damaged
CUST00628,SHP00628,4,On time
CUST00629,SHP00629,4,Great service
CUST00630,SHP00630,3,Package damaged
CUST00631,SHP00631,4,Excellent
CUST00632,SHP00632,5,On time
CUST00633,SHP00633,1,Average experience
CUST00634,SHP00634,3,Poor communication
CUST00635,SHP00635,3,Poor communication
CUST00636,SHP00636,5,Excellent
CUST00637,SHP00637,2,On time
CUST00638,SHP00638,5,Package damaged
CUST00639,SHP00639,4,Package damaged
CUST00640,SHP00640,1,Package damaged
CUST00641,SHP00641,4,Package damaged
CUST00642,SHP00642,4,Poor communication
CUST00643,SHP00643,5,Very satisfied
CUST00644,SHP00644,2,Very satisfied
CUST00645,SHP00645,4,Very satisfied
CUST00646,SHP00646,4,Very satisfied
CUST00647,SHP00647,4,Very satisfied
CUST00648,SHP00648,3,Package damaged
CUST00649,SHP00649,3,Average experience
CUST00650,SHP00650,1,Package damaged
CUST00651,SHP00651,3,On time
CUST00652,SHP00652,4,Excellent
CUST00653,SHP00653,5,On time
CUST00654,SHP00654,5,Poor communication
CUST00655,SHP00655,2,Great service
CUST00656,SHP00656,5,Excellent
CUST00657,SHP00657,2,Average experience
CUST00658,SHP00658,4,Late delivery
CUST00659,SHP00659,2,Package damaged
CUST00660,SHP00660,5,Great service
CUST00661,SHP00661,4,Average experience
CUST00662,SHP00662,1,Poor communication
CUST00663,SHP00663,1,Great service
CUST00664,SHP00664,1,On time
CUST00665,SHP00665,1,Package damaged
CUST00666,SHP00666,5,On time
CUST00667,SHP00667,3,Excellent
CUST00668,SHP00668,5,Great service
CUST00669,SHP00669,3,Excellent
CUST00670,SHP00670,2,Package damaged
CUST00671,SHP00671,4,Excellent
CUST00672,SHP00672,4,Late delivery
CUST00673,SHP00673,1,Excellent
CUST00674,SHP00674,5,Great service
CUST00675,SHP00675,1,Great service
CUST00676,SHP00676,5,Average experience
CUST00677,SHP00677,1,Average experience
CUST00678,SHP00678,3,Very satisfied
CUST00679,SHP00679,5,Great service
CUST00680,SHP00680,3,On time
CUST00681,SHP00681,3,Very satisfied
CUST00682,SHP00682,2,Great service
CUST00683,SHP00683,4,Very satisfied
CUST00684,SHP00684,5,Average experience
CUST00685,SHP00685,4,Package damaged
CUST00686,SHP00686,4,Very satisfied
CUST00687,SHP00687,2,Great service
CUST00688,SHP00688,5,Average experience
CUST00689,SHP00689,1,Great service
CUST00690,SHP00690,2,Package damaged
CUST00691,SHP00691,4,Late delivery
CUST00692,SHP00692,4,Excellent
CUST00693,SHP00693,2,Late delivery
CUST00694,SHP00694,1,Poor communication
CUST00695,SHP00695,5,Average experience
CUST00696,SHP00696,5,Very satisfied
CUST00697,SHP00697,2,Excellent
CUST00698,SHP00698,3,Very satisfied
CUST00699,SHP00699,1,Poor communication
CUST00700,SHP00700,3,Very satisfied
CUST00701,SHP00701,5,Package damaged
CUST00702,SHP00702,2,Very satisfied
CUST00703,SHP00703,4,Great service
CUST00704,SHP00704,1,On time
CUST00705,SHP00705,3,Excellent
CUST00706,SHP00706,5,On time
CUST00707,SHP00707,4,Very satisfied
CUST00708,SHP00708,2,Late delivery
CUST00709,SHP00709,4,Great service
CUST00710,SHP00710,5,Average experience
CUST00711,SHP00711,5,Poor communication
CUST00712,SHP00712,4,Average experience
CUST00713,SHP00713,1,Great service
CUST00714,SHP00714,5,Poor communication
CUST00715,SHP00715,5,Very satisfied
CUST00716,SHP00716,2,Poor communication
CUST00717,SHP00717,5,Average experience
CUST00718,SHP00718,4,Excellent
CUST00719,SHP00719,2,Package damaged
CUST00720,SHP00720,4,Excellent
CUST00721,SHP00721,3,Very satisfied
CUST00722,SHP00722,1,Late delivery
CUST00723,SHP00723,4,Package damaged
CUST00724,SHP00724,2,Very satisfied
CUST00725,SHP00725,4,Very satisfied
CUST00726,SHP00726,4,Poor communication
CUST00727,SHP00727,5,Average experience
CUST00728,SHP00728,3,Poor communication
CUST00729,SHP00729,5,Very satisfied
CUST00730,SHP00730,4,Average experience
CUST00731,SHP00731,5,Excellent
CUST00732,SHP00732,5,Excellent
CUST00733,SHP00733,4,On time
CUST00734,SHP00734,3,Poor communication
CUST00735,SHP00735,2,Excellent
CUST00736,SHP00736,4,Excellent
CUST00737,SHP00737,3,Great service
CUST00738,SHP00738,2,Excellent
CUST00739,SHP00739,1,Poor communication
CUST00740,SHP00740,2,Very satisfied
CUST00741,SHP00741,4,Late delivery
CUST00742,SHP00742,5,Great service
CUST00743,SHP00743,5,Excellent
CUST00744,SHP00744,5,Average experience
CUST00745,SHP00745,3,Package damaged
CUST00746,SHP00746,5,Excellent
CUST00747,SHP00747,3,Great service
CUST00748,SHP00748,2,Very satisfied
CUST00749,SHP00749,3,Excellent
CUST00750,SHP00750,5,Great service
CUST00751,SHP00751,4,Great service
CUST00752,SHP00752,3,Package damaged
CUST00753,SHP00753,5,Package damaged
CUST00754,SHP00754,2,Poor communication
CUST00755,SHP00755,4,Package damaged
CUST00756,SHP00756,2,On time
CUST00757,SHP00757,2,Average experience
CUST00758,SHP00758,5,Average experience
CUST00759,SHP00759,3,Great service
CUST00760,SHP00760,3,Great service
CUST00761,SHP00761,4,Package damaged
CUST00762,SHP00762,4,Package damaged
CUST00763,SHP00763,1,Excellent
CUST00764,SHP00764,1,Poor communication
CUST00765,SHP00765,1,Average experience
CUST00766,SHP00766,2,Late delivery
CUST00767,SHP00767,3,Great service
CUST00768,SHP00768,3,On time
CUST00769,SHP00769,1,Late delivery
CUST00770,SHP00770,4,Poor communication
CUST00771,SHP00771,5,Package damaged
CUST00772,SHP00772,5,Very satisfied
CUST00773,SHP00773,5,Average experience
CUST00774,SHP00774,2,Package damaged
CUST00775,SHP00775,3,Average experience
CUST00776,SHP00776,4,Excellent
CUST00777,SHP00777,4,Excellent
CUST00778,SHP00778,4,Average experience
CUST00779,SHP00779,1,Package damaged
CUST00780,SHP00780,2,Late delivery
CUST00781,SHP00781,4,Package damaged
CUST00782,SHP00782,5,Very satisfied
CUST00783,SHP00783,3,On time
CUST00784,SHP00784,3,Late delivery
CUST00785,SHP00785,1,Excellent
CUST00786,SHP00786,1,Great service
CUST00787,SHP00787,1,Great service
CUST00788,SHP00788,2,Very satisfied
CUST00789,SHP00789,4,Great service
CUST00790,SHP00790,4,On time
CUST00791,SHP00791,5,Poor communication
CUST00792,SHP00792,1,Average experience
CUST00793,SHP00793,3,Excellent
CUST00794,SHP00794,5,Very satisfied
CUST00795,SHP00795,4,Very satisfied
CUST00796,SHP00796,2,Package damaged
CUST00797,SHP00797,2,Great service
CUST00798,SHP00798,4,On time
CUST00799,SHP00799,3,Excellent
CUST00800,SHP00800,2,Poor communication
CUST00801,SHP00801,4,Poor communication
CUST00802,SHP00802,3,Very satisfied
CUST00803,SHP00803,5,Package damaged
CUST00804,SHP00804,3,Great service
CUST00805,SHP00805,3,Late delivery
CUST00806,SHP00806,4,Great service
CUST00807,SHP00807,2,Very satisfied
CUST00808,SHP00808,1,Average experience
CUST00809,SHP00809,5,Very satisfied
CUST00810,SHP00810,3,Average experience
CUST00811,SHP00811,4,Great service
CUST00812,SHP00812,4,On time
CUST00813,SHP00813,5,On time
CUST00814,SHP00814,2,Late delivery
CUST00815,SHP00815,2,Average experience
CUST00816,SHP00816,1,Package damaged
CUST00817,SHP00817,5,On time
CUST00818,SHP00818,2,Package damaged
CUST00819,SHP00819,4,Very satisfied
CUST00820,SHP00820,3,Poor communication
CUST00821,SHP00821,5,Excellent
CUST00822,SHP00822,1,Package damaged
CUST00823,SHP00823,2,Very satisfied
CUST00824,SHP00824,4,Very satisfied
CUST00825,SHP00825,1,Poor communication
CUST00826,SHP00826,5,Great service
CUST00827,SHP00827,4,On time
CUST00828,SHP00828,1,Average experience
CUST00829,SHP00829,3,On time
CUST00830,SHP00830,1,Average experience
CUST00831,SHP00831,3,Great service
CUST00832,SHP00832,4,Great service
CUST00833,SHP00833,4,Package damaged
CUST00834,SHP00834,5,Excellent
CUST00835,SHP00835,4,Excellent
CUST00836,SHP00836,5,Package damaged
CUST00837,SHP00837,1,Package damaged
CUST00838,SHP00838,3,Poor communication
CUST00839,SHP00839,4,Package damaged
CUST00840,SHP00840,4,Poor communication
CUST00841,SHP00841,3,Great service
CUST00842,SHP00842,3,Excellent
CUST00843,SHP00843,5,Late delivery
CUST00844,SHP00844,4,Late delivery
CUST00845,SHP00845,5,Great service
CUST00846,SHP00846,5,Great service
CUST00847,SHP00847,2,On time
CUST00848,SHP00848,4,Package damaged
CUST00849,SHP00849,4,Excellent
CUST00850,SHP00850,2,On time
CUST00851,SHP00851,4,Very satisfied
CUST00852,SHP00852,5,Poor communication
CUST00853,SHP00853,5,Excellent
CUST00854,SHP00854,3,Excellent
CUST00855,SHP00855,1,Poor communication
CUST00856,SHP00856,5,Package damaged
CUST00857,SHP00857,1,Package damaged
CUST00858,SHP00858,2,Great service
CUST00859,SHP00859,4,Poor communication
CUST00860,SHP00860,4,Great service
CUST00861,SHP00861,3,Late delivery
CUST00862,SHP00862,4,Great service
CUST00863,SHP00863,1,Poor communication
CUST00864,SHP00864,2,Package damaged
CUST00865,SHP00865,1,Late delivery
CUST00866,SHP00866,5,Average experience
CUST00867,SHP00867,4,Package damaged
CUST00868,SHP00868,2,Great service
CUST00869,SHP00869,5,Late delivery
CUST00870,SHP00870,2,Poor communication
CUST00871,SHP00871,4,Poor communication
CUST00872,SHP00872,3,Great service
CUST00873,SHP00873,2,Great service
CUST00874,SHP00874,4,On time
CUST00875,SHP00875,3,Excellent
CUST00876,SHP00876,1,Late delivery
CUST00877,SHP00877,4,Package damaged
CUST00878,SHP00878,2,Great service
CUST00879,SHP00879,1,Late delivery
CUST00880,SHP00880,5,Poor communication
CUST00881,SHP00881,2,On time
CUST00882,SHP00882,5,Poor communication
CUST00883,SHP00883,1,Great service
CUST00884,SHP00884,3,Late delivery
CUST00885,SHP00885,2,On time
CUST00886,SHP00886,5,Late delivery
CUST00887,SHP00887,1,Average experience
CUST00888,SHP00888,5,Late delivery
CUST00889,SHP00889,1,Excellent
CUST00890,SHP00890,5,On time
CUST00891,SHP00891,1,Package damaged
CUST00892,SHP00892,1,Poor communication
CUST00893,SHP00893,3,Excellent
CUST00894,SHP00894,4,Package damaged
CUST00895,SHP00895,5,Poor communication
CUST00896,SHP00896,4,Very satisfied
CUST00897,SHP00897,5,Very satisfied
CUST00898,SHP00898,2,Late delivery
CUST00899,SHP00899,3,Poor communication
CUST00900,SHP00900,3,Package damaged
CUST00901,SHP00901,5,On time
CUST00902,SHP00902,3,On time
CUST00903,SHP00903,5,Late delivery
CUST00904,SHP00904,4,Late delivery
CUST00905,SHP00905,2,Late delivery
CUST00906,SHP00906,4,Excellent
CUST00907,SHP00907,2,Poor communication
CUST00908,SHP00908,1,Poor communication
CUST00909,SHP00909,2,Poor communication
CUST00910,SHP00910,3,Very satisfied
CUST00911,SHP00911,4,On time
CUST00912,SHP00912,3,Poor communication
CUST00913,SHP00913,5,Great service
CUST00914,SHP00914,2,Great service
CUST00915,SHP00915,5,On time
CUST00916,SHP00916,5,Average experience
CUST00917,SHP00917,5,Poor communication
CUST00918,SHP00918,3,Excellent
CUST00919,SHP00919,5,Very satisfied
CUST00920,SHP00920,4,On time
CUST00921,SHP00921,3,Great service
CUST00922,SHP00922,3,Excellent
CUST00923,SHP00923,5,On time
CUST00924,SHP00924,3,Great service
CUST00925,SHP00925,5,Late delivery
CUST00926,SHP00926,3,Excellent
CUST00927,SHP00927,4,Excellent
CUST00928,SHP00928,1,Package damaged
CUST00929,SHP00929,3,Great service
CUST00930,SHP00930,4,Average experience
CUST00931,SHP00931,5,Poor communication
CUST00932,SHP00932,3,Poor communication
CUST00933,SHP00933,5,Package damaged
CUST00934,SHP00934,3,Poor communication
CUST00935,SHP00935,5,On time
CUST00936,SHP00936,1,Late delivery
CUST00937,SHP00937,2,Very satisfied
CUST00938,SHP00938,4,Poor communication
CUST00939,SHP00939,3,Very satisfied
CUST00940,SHP00940,4,Very satisfied
CUST00941,SHP00941,4,Excellent
CUST00942,SHP00942,3,Late delivery
CUST00943,SHP00943,3,Excellent
CUST00944,SHP00944,1,Late delivery
CUST00945,SHP00945,2,Very satisfied
CUST00946,SHP00946,2,Excellent
CUST00947,SHP00947,5,Package damaged
CUST00948,SHP00948,4,Very satisfied
CUST00949,SHP00949,5,Great service
CUST00950,SHP00950,1,Very satisfied
CUST00951,SHP00951,1,Excellent
CUST00952,SHP00952,3,Poor communication
CUST00953,SHP00953,5,Excellent
CUST00954,SHP00954,5,Excellent
CUST00955,SHP00955,5,Average experience
CUST00956,SHP00956,4,Excellent
CUST00957,SHP00957,1,Average experience
CUST00958,SHP00958,4,Late delivery
CUST00959,SHP00959,2,Poor communication
CUST00960,SHP00960,4,Very satisfied
CUST00961,SHP00961,1,Late delivery
CUST00962,SHP00962,3,Poor communication
CUST00963,SHP00963,5,Package damaged
CUST00964,SHP00964,3,Great service
CUST00965,SHP00965,2,Very satisfied
CUST00966,SHP00966,4,Very satisfied
CUST00967,SHP00967,3,Great service
CUST00968,SHP00968,4,Excellent
CUST00969,SHP00969,1,Late delivery
CUST00970,SHP00970,2,Very satisfied
CUST00971,SHP00971,2,Very satisfied
CUST00972,SHP00972,4,Poor communication
CUST00973,SHP00973,2,On time
CUST00974,SHP00974,3,Poor communication
CUST00975,SHP00975,1,Package damaged
CUST00976,SHP00976,3,On time
CUST00977,SHP00977,4,Great service
CUST00978,SHP00978,1,Poor communication
CUST00979,SHP00979,3,Poor communication
CUST00980,SHP00980,3,Package damaged
CUST00981,SHP00981,3,Poor communication
CUST00982,SHP00982,3,Poor communication
CUST00983,SHP00983,3,Average experience
CUST00984,SHP00984,2,On time
CUST00985,SHP00985,4,Package damaged
CUST00986,SHP00986,2,Poor communication
CUST00987,SHP00987,4,Average experience
CUST00988,SHP00988,4,Great service
CUST00989,SHP00989,5,Poor communication
CUST00990,SHP00990,1,Excellent
CUST00991,SHP00991,5,On time
CUST00992,SHP00992,1,Average experience
CUST00993,SHP00993,1,Excellent
CUST00994,SHP00994,2,On time
CUST00995,SHP00995,4,On time
CUST00996,SHP00996,3,Poor communication
CUST00997,SHP00997,4,Poor communication
CUST00998,SHP00998,2,On time
CUST00999,SHP00999,5,Very satisfied
CUST01000,SHP01000,5,Package damaged
CUST01001,SHP01001,2,Average experience
CUST01002,SHP01002,5,Average experience
CUST01003,SHP01003,1,Package damaged
CUST01004,SHP01004,1,Average experience
CUST01005,SHP01005,1,Poor communication
CUST01006,SHP01006,1,On time
CUST01007,SHP01007,1,Poor communication
CUST01008,SHP01008,3,Package damaged
CUST01009,SHP01009,5,On time
CUST01010,SHP01010,1,On time
CUST01011,SHP01011,3,Package damaged
CUST01012,SHP01012,2,Great service
CUST01013,SHP01013,2,Average experience
CUST01014,SHP01014,3,Great service
CUST01015,SHP01015,1,Package damaged
CUST01016,SHP01016,2,Package damaged
CUST01017,SHP01017,5,Average experience
CUST01018,SHP01018,2,Very satisfied
CUST01019,SHP01019,5,Great service
CUST01020,SHP01020,2,Great service
CUST01021,SHP01021,2,Very satisfied
CUST01022,SHP01022,5,Late delivery
CUST01023,SHP01023,1,Package damaged
CUST01024,SHP01024,5,Excellent
CUST01025,SHP01025,3,Very satisfied
CUST01026,SHP01026,5,On time
CUST01027,SHP01027,4,Very satisfied
CUST01028,SHP01028,4,Average experience
CUST01029,SHP01029,2,Excellent
CUST01030,SHP01030,2,Great service
CUST01031,SHP01031,5,Package damaged
CUST01032,SHP01032,3,On time
CUST01033,SHP01033,2,Excellent
CUST01034,SHP01034,2,Average experience
CUST01035,SHP01035,4,Excellent
CUST01036,SHP01036,4,Excellent
CUST01037,SHP01037,2,Average experience
CUST01038,SHP01038,3,Excellent
CUST01039,SHP01039,1,Excellent
CUST01040,SHP01040,4,Package damaged
CUST01041,SHP01041,2,Very satisfied
CUST01042,SHP01042,5,Average experience
CUST01043,SHP01043,4,Package damaged
CUST01044,SHP01044,4,Poor communication
CUST01045,SHP01045,5,On time
CUST01046,SHP01046,5,Very satisfied
CUST01047,SHP01047,4,Excellent
CUST01048,SHP01048,3,Late delivery
CUST01049,SHP01049,3,Average experience
CUST01050,SHP01050,5,Very satisfied
CUST01051,SHP01051,1,Excellent
CUST01052,SHP01052,3,Average experience
CUST01053,SHP01053,5,Package damaged
CUST01054,SHP01054,5,Poor communication
CUST01055,SHP01055,2,On time
CUST01056,SHP01056,3,Poor communication
CUST01057,SHP01057,4,Average experience
CUST01058,SHP01058,3,Late delivery
CUST01059,SHP01059,2,Excellent
CUST01060,SHP01060,1,Late delivery
CUST01061,SHP01061,4,Great service
CUST01062,SHP01062,5,Average experience
CUST01063,SHP01063,3,Average experience
CUST01064,SHP01064,4,Average experience
CUST01065,SHP01065,5,On time
CUST01066,SHP01066,1,Late delivery
CUST01067,SHP01067,2,Late delivery
CUST01068,SHP01068,2,Late delivery
CUST01069,SHP01069,3,Average experience
CUST01070,SHP01070,5,Very satisfied
CUST01071,SHP01071,2,Late delivery
CUST01072,SHP01072,1,Package damaged
CUST01073,SHP01073,4,Package damaged
CUST01074,SHP01074,2,Very satisfied
CUST01075,SHP01075,5,Excellent
CUST01076,SHP01076,1,Average experience
CUST01077,SHP01077,1,Package damaged
CUST01078,SHP01078,5,Average experience
CUST01079,SHP01079,4,Excellent
CUST01080,SHP01080,5,Poor communication
CUST01081,SHP01081,4,Package damaged
CUST01082,SHP01082,1,Excellent
CUST01083,SHP01083,3,Poor communication
CUST01084,SHP01084,5,Average experience
CUST01085,SHP01085,3,Very satisfied
CUST01086,SHP01086,4,Poor communication
CUST01087,SHP01087,4,Average experience
CUST01088,SHP01088,5,Great service
CUST01089,SHP01089,1,Poor communication
CUST01090,SHP01090,3,On time
CUST01091,SHP01091,2,Average experience
CUST01092,SHP01092,4,Average experience
CUST01093,SHP01093,3,Excellent
CUST01094,SHP01094,5,Excellent
CUST01095,SHP01095,2,Average experience
CUST01096,SHP01096,2,Late delivery
CUST01097,SHP01097,4,Great service
CUST01098,SHP01098,3,Average experience
CUST01099,SHP01099,1,Excellent
CUST01100,SHP01100,4,Poor communication
CUST01101,SHP01101,2,Excellent
CUST01102,SHP01102,3,Late delivery
CUST01103,SHP01103,1,Great service
CUST01104,SHP01104,3,Late delivery
CUST01105,SHP01105,1,Average experience
CUST01106,SHP01106,4,Excellent
CUST01107,SHP01107,4,On time
CUST01108,SHP01108,3,Late delivery
CUST01109,SHP01109,1,Package damaged
CUST01110,SHP01110,3,On time
CUST01111,SHP01111,5,On time
CUST01112,SHP01112,5,Poor communication
CUST01113,SHP01113,1,Poor communication
CUST01114,SHP01114,4,Poor communication
CUST01115,SHP01115,1,Package damaged
CUST01116,SHP01116,2,Poor communication
CUST01117,SHP01117,5,Poor communication
CUST01118,SHP01118,1,On time
CUST01119,SHP01119,3,Package damaged
CUST01120,SHP01120,2,Late delivery
CUST01121,SHP01121,5,Very satisfied
CUST01122,SHP01122,4,Average experience
CUST01123,SHP01123,2,Late delivery
CUST01124,SHP01124,4,Great service
CUST01125,SHP01125,3,Late delivery
CUST01126,SHP01126,2,Package damaged
CUST01127,SHP01127,5,On time
CUST01128,SHP01128,1,Average experience
CUST01129,SHP01129,1,On time
CUST01130,SHP01130,4,Great service
CUST01131,SHP01131,1,Poor communication
CUST01132,SHP01132,2,Late delivery
CUST01133,SHP01133,5,On time
CUST01134,SHP01134,5,Excellent
CUST01135,SHP01135,3,Very satisfied
CUST01136,SHP01136,3,Average experience
CUST01137,SHP01137,3,Great service
CUST01138,SHP01138,3,Late delivery
CUST01139,SHP01139,4,Great service
CUST01140,SHP01140,2,Poor communication
CUST01141,SHP01141,5,Average experience
CUST01142,SHP01142,1,On time
CUST01143,SHP01143,3,Package damaged
CUST01144,SHP01144,3,Package damaged
CUST01145,SHP01145,1,Excellent
CUST01146,SHP01146,1,Very satisfied
CUST01147,SHP01147,4,Poor communication
CUST01148,SHP01148,1,Package damaged
CUST01149,SHP01149,1,Average experience
CUST01150,SHP01150,1,Great service
CUST01151,SHP01151,5,Late delivery
CUST01152,SHP01152,2,On time
CUST01153,SHP01153,4,Very satisfied
CUST01154,SHP01154,3,Poor communication
CUST01155,SHP01155,2,Very satisfied
CUST01156,SHP01156,1,Excellent
CUST01157,SHP01157,4,Package damaged
CUST01158,SHP01158,2,Great service
CUST01159,SHP01159,3,Package damaged
CUST01160,SHP01160,1,Late delivery
CUST01161,SHP01161,4,Excellent
CUST01162,SHP01162,2,On time
CUST01163,SHP01163,2,Average experience
CUST01164,SHP01164,4,Average experience
CUST01165,SHP01165,3,Average experience
CUST01166,SHP01166,1,Late delivery
CUST01167,SHP01167,2,Package damaged
CUST01168,SHP01168,4,On time
CUST01169,SHP01169,4,Poor communication
CUST01170,SHP01170,3,Great service
CUST01171,SHP01171,4,Late delivery
CUST01172,SHP01172,3,Very satisfied
CUST01173,SHP01173,3,Poor communication
CUST01174,SHP01174,3,Late delivery
CUST01175,SHP01175,4,Very satisfied
CUST01176,SHP01176,2,Great service
CUST01177,SHP01177,2,Average experience
CUST01178,SHP01178,4,Great service
CUST01179,SHP01179,2,Very satisfied
CUST01180,SHP01180,3,On time
CUST01181,SHP01181,1,Great service
CUST01182,SHP01182,3,Average experience
CUST01183,SHP01183,5,Very satisfied
CUST01184,SHP01184,1,Average experience
CUST01185,SHP01185,5,Great service
CUST01186,SHP01186,3,Very satisfied
CUST01187,SHP01187,1,On time
CUST01188,SHP01188,2,On time
CUST01189,SHP01189,5,On time
CUST01190,SHP01190,4,Very satisfied
CUST01191,SHP01191,5,Package damaged
CUST01192,SHP01192,2,Package damaged
CUST01193,SHP01193,3,Package damaged
CUST01194,SHP01194,5,Package damaged
CUST01195,SHP01195,2,Great service
CUST01196,SHP01196,3,Excellent
CUST01197,SHP01197,5,Excellent
CUST01198,SHP01198,5,Poor communication
CUST01199,SHP01199,1,Average experience
CUST01200,SHP01200,3,Very satisfied
CUST01201,SHP01201,1,Very satisfied
CUST01202,SHP01202,5,Excellent
CUST01203,SHP01203,2,Late delivery
CUST01204,SHP01204,1,Package damaged
CUST01205,SHP01205,1,Late delivery
CUST01206,SHP01206,3,Late delivery
CUST01207,SHP01207,4,Excellent
CUST01208,SHP01208,4,Poor communication
CUST01209,SHP01209,3,On time
CUST01210,SHP01210,5,Great service
CUST01211,SHP01211,2,Great service
CUST01212,SHP01212,3,On time
CUST01213,SHP01213,1,Poor communication
CUST01214,SHP01214,3,Great service
CUST01215,SHP01215,3,On time
CUST01216,SHP01216,1,Package damaged
CUST01217,SHP01217,2,Excellent
CUST01218,SHP01218,4,Poor communication
CUST01219,SHP01219,2,Package damaged
CUST01220,SHP01220,4,Package damaged
CUST01221,SHP01221,2,Great service
CUST01222,SHP01222,3,Very satisfied
CUST01223,SHP01223,3,Excellent
CUST01224,SHP01224,2,Very satisfied
CUST01225,SHP01225,1,Great service
CUST01226,SHP01226,5,Excellent
CUST01227,SHP01227,1,Average experience
CUST01228,SHP01228,3,Package damaged
CUST01229,SHP01229,4,Very satisfied
CUST01230,SHP01230,1,Late delivery
CUST01231,SHP01231,1,Very satisfied
CUST01232,SHP01232,1,Excellent
CUST01233,SHP01233,4,Great service
CUST01234,SHP01234,1,Late delivery
CUST01235,SHP01235,3,Late delivery
CUST01236,SHP01236,5,Package damaged
CUST01237,SHP01237,2,Very satisfied
CUST01238,SHP01238,1,Very satisfied
CUST01239,SHP01239,5,Poor communication
CUST01240,SHP01240,4,On time
CUST01241,SHP01241,4,Average experience
CUST01242,SHP01242,5,Very satisfied
CUST01243,SHP01243,3,Great service
CUST01244,SHP01244,3,On time
CUST01245,SHP01245,4,Package damaged
CUST01246,SHP01246,5,Package damaged
CUST01247,SHP01247,1,On time
CUST01248,SHP01248,1,Poor communication
CUST01249,SHP01249,3,On time
CUST01250,SHP01250,4,Package damaged
CUST01251,SHP01251,2,On time
CUST01252,SHP01252,4,Package damaged
CUST01253,SHP01253,4,Excellent
CUST01254,SHP01254,4,Great service
CUST01255,SHP01255,5,Excellent
CUST01256,SHP01256,3,Great service
CUST01257,SHP01257,4,Poor communication
CUST01258,SHP01258,3,Poor communication
CUST01259,SHP01259,2,Poor communication
CUST01260,SHP01260,5,Package damaged
CUST01261,SHP01261,3,Very satisfied
CUST01262,SHP01262,1,Very satisfied
CUST01263,SHP01263,4,Poor communication
CUST01264,SHP01264,1,Excellent
CUST01265,SHP01265,4,Late delivery
CUST01266,SHP01266,1,Very satisfied
CUST01267,SHP01267,5,Poor communication
CUST01268,SHP01268,4,Late delivery
CUST01269,SHP01269,2,Very satisfied
CUST01270,SHP01270,1,Late delivery
CUST01271,SHP01271,4,Great service
CUST01272,SHP01272,2,Average experience
CUST01273,SHP01273,1,On time
CUST01274,SHP01274,5,Average experience
CUST01275,SHP01275,5,Great service
CUST01276,SHP01276,1,Great service
CUST01277,SHP01277,5,Package damaged
CUST01278,SHP01278,4,Great service
CUST01279,SHP01279,5,On time
CUST01280,SHP01280,5,Excellent
CUST01281,SHP01281,5,Great service
CUST01282,SHP01282,5,On time
CUST01283,SHP01283,4,Great service
CUST01284,SHP01284,1,Package damaged
CUST01285,SHP01285,2,Very satisfied
CUST01286,SHP01286,4,Late delivery
CUST01287,SHP01287,5,Great service
CUST01288,SHP01288,3,Very satisfied
CUST01289,SHP01289,4,Very satisfied
CUST01290,SHP01290,4,Great service
CUST01291,SHP01291,1,Excellent
CUST01292,SHP01292,5,Very satisfied
CUST01293,SHP01293,2,Average experience
CUST01294,SHP01294,5,Late delivery
CUST01295,SHP01295,1,On time
CUST01296,SHP01296,5,Poor communication
CUST01297,SHP01297,4,Average experience
CUST01298,SHP01298,3,Average experience
CUST01299,SHP01299,1,Very satisfied
CUST01300,SHP01300,4,Package damaged
CUST01301,SHP01301,3,Poor communication
CUST01302,SHP01302,4,On time
CUST01303,SHP01303,5,Late delivery
CUST01304,SHP01304,2,Great service
CUST01305,SHP01305,3,On time
CUST01306,SHP01306,2,Poor communication
CUST01307,SHP01307,4,Package damaged
CUST01308,SHP01308,5,Very satisfied
CUST01309,SHP01309,3,Late delivery
CUST01310,SHP01310,3,Great service
CUST01311,SHP01311,1,Very satisfied
CUST01312,SHP01312,3,On time
CUST01313,SHP01313,4,Very satisfied
CUST01314,SHP01314,3,Average experience
CUST01315,SHP01315,4,Package damaged
CUST01316,SHP01316,3,On time
CUST01317,SHP01317,5,Late delivery
CUST01318,SHP01318,1,Very satisfied
CUST01319,SHP01319,4,Excellent
CUST01320,SHP01320,5,Very satisfied
CUST01321,SHP01321,3,Very satisfied
CUST01322,SHP01322,4,Package damaged
CUST01323,SHP01323,3,Poor communication
CUST01324,SHP01324,5,Excellent
CUST01325,SHP01325,2,Package damaged
CUST01326,SHP01326,3,Average experience
CUST01327,SHP01327,5,Very satisfied
CUST01328,SHP01328,1,Late delivery
CUST01329,SHP01329,3,Late delivery
CUST01330,SHP01330,1,On time
CUST01331,SHP01331,5,Package damaged
CUST01332,SHP01332,1,Average experience
CUST01333,SHP01333,3,Average experience
CUST01334,SHP01334,5,On time
CUST01335,SHP01335,2,Average experience
CUST01336,SHP01336,4,On time
CUST01337,SHP01337,5,On time
CUST01338,SHP01338,5,Average experience
CUST01339,SHP01339,5,Package damaged
CUST01340,SHP01340,2,Poor communication
CUST01341,SHP01341,2,Great service
CUST01342,SHP01342,2,On time
CUST01343,SHP01343,2,Very satisfied
CUST01344,SHP01344,5,Package damaged
CUST01345,SHP01345,1,Poor communication
CUST01346,SHP01346,4,Late delivery
CUST01347,SHP01347,5,Very satisfied
CUST01348,SHP01348,3,Package damaged
CUST01349,SHP01349,2,Poor communication
CUST01350,SHP01350,3,Late delivery
CUST01351,SHP01351,4,Late delivery
CUST01352,SHP01352,1,Late delivery
CUST01353,SHP01353,5,Excellent
CUST01354,SHP01354,5,Very satisfied
CUST01355,SHP01355,3,Very satisfied
CUST01356,SHP01356,5,On time
CUST01357,SHP01357,1,Late delivery
CUST01358,SHP01358,5,Late delivery
CUST01359,SHP01359,4,Package damaged
CUST01360,SHP01360,3,Poor communication
CUST01361,SHP01361,1,Very satisfied
CUST01362,SHP01362,2,Late delivery
CUST01363,SHP01363,2,Late delivery
CUST01364,SHP01364,5,Package damaged
CUST01365,SHP01365,1,Very satisfied
CUST01366,SHP01366,4,Average experience
CUST01367,SHP01367,3,Great service
CUST01368,SHP01368,2,Excellent
CUST01369,SHP01369,4,Poor communication
CUST01370,SHP01370,1,Poor communication
CUST01371,SHP01371,3,Very satisfied
CUST01372,SHP01372,4,Very satisfied
CUST01373,SHP01373,5,On time
CUST01374,SHP01374,4,Excellent
CUST01375,SHP01375,2,On time
CUST01376,SHP01376,2,Excellent
CUST01377,SHP01377,2,Excellent
CUST01378,SHP01378,3,Package damaged
CUST01379,SHP01379,3,Package damaged
CUST01380,SHP01380,5,On time
CUST01381,SHP01381,1,Poor communication
CUST01382,SHP01382,4,Poor communication
CUST01383,SHP01383,1,Late delivery
CUST01384,SHP01384,4,Late delivery
CUST01385,SHP01385,1,Excellent
CUST01386,SHP01386,5,Great service
CUST01387,SHP01387,2,Average experience
CUST01388,SHP01388,5,Poor communication
CUST01389,SHP01389,4,Poor communication
CUST01390,SHP01390,4,Late delivery
CUST01391,SHP01391,5,Excellent
CUST01392,SHP01392,2,Package damaged
CUST01393,SHP01393,5,On time
CUST01394,SHP01394,4,Average experience
CUST01395,SHP01395,4,Great service
CUST01396,SHP01396,5,Poor communication
CUST01397,SHP01397,3,Great service
CUST01398,SHP01398,4,Excellent
CUST01399,SHP01399,2,Excellent
CUST01400,SHP01400,3,On time
CUST01401,SHP01401,1,On time
CUST01402,SHP01402,1,Excellent
CUST01403,SHP01403,2,Very satisfied
CUST01404,SHP01404,5,Very satisfied
CUST01405,SHP01405,3,Package damaged
CUST01406,SHP01406,3,Excellent
CUST01407,SHP01407,5,Late delivery
CUST01408,SHP01408,1,Great service
CUST01409,SHP01409,1,On time
CUST01410,SHP01410,5,Average experience
CUST01411,SHP01411,5,On time
CUST01412,SHP01412,2,Late delivery
CUST01413,SHP01413,5,Package damaged
CUST01414,SHP01414,3,Very satisfied
CUST01415,SHP01415,3,Package damaged
CUST01416,SHP01416,5,Excellent
CUST01417,SHP01417,5,On time
CUST01418,SHP01418,1,On time
CUST01419,SHP01419,3,Very satisfied
CUST01420,SHP01420,1,Package damaged
CUST01421,SHP01421,3,Very satisfied
CUST01422,SHP01422,3,Average experience
CUST01423,SHP01423,1,On time
CUST01424,SHP01424,4,Excellent
CUST01425,SHP01425,2,Average experience
CUST01426,SHP01426,2,Excellent
CUST01427,SHP01427,3,Poor communication
CUST01428,SHP01428,3,Average experience
CUST01429,SHP01429,2,Great service
CUST01430,SHP01430,2,On time
CUST01431,SHP01431,2,Poor communication
CUST01432,SHP01432,3,Average experience
CUST01433,SHP01433,5,Late delivery
CUST01434,SHP01434,2,Package damaged
CUST01435,SHP01435,5,Excellent
CUST01436,SHP01436,1,Very satisfied
CUST01437,SHP01437,1,Very satisfied
CUST01438,SHP01438,2,Excellent
CUST01439,SHP01439,2,Excellent
CUST01440,SHP01440,4,Average experience
CUST01441,SHP01441,1,Poor communication
CUST01442,SHP01442,3,Very satisfied
CUST01443,SHP01443,1,Great service
CUST01444,SHP01444,4,Great service
CUST01445,SHP01445,2,On time
CUST01446,SHP01446,1,Very satisfied
CUST01447,SHP01447,5,Poor communication
CUST01448,SHP01448,1,Average experience
CUST01449,SHP01449,2,Poor communication
CUST01450,SHP01450,2,On time
CUST01451,SHP01451,3,On time
CUST01452,SHP01452,2,Great service
CUST01453,SHP01453,2,Late delivery
CUST01454,SHP01454,3,On time
CUST01455,SHP01455,4,Poor communication
CUST01456,SHP01456,4,On time
CUST01457,SHP01457,4,Great service
CUST01458,SHP01458,5,Poor communication
CUST01459,SHP01459,4,Excellent
CUST01460,SHP01460,1,Poor communication
CUST01461,SHP01461,3,On time
CUST01462,SHP01462,2,Package damaged
CUST01463,SHP01463,2,Average experience
CUST01464,SHP01464,4,Poor communication
CUST01465,SHP01465,1,Late delivery
CUST01466,SHP01466,5,Poor communication
CUST01467,SHP01467,5,On time
CUST01468,SHP01468,3,Average experience
CUST01469,SHP01469,3,On time
CUST01470,SHP01470,4,On time
CUST01471,SHP01471,3,Very satisfied
CUST01472,SHP01472,5,Late delivery
CUST01473,SHP01473,5,Great service
CUST01474,SHP01474,3,Late delivery
CUST01475,SHP01475,3,Late delivery
CUST01476,SHP01476,2,On time
CUST01477,SHP01477,5,On time
CUST01478,SHP01478,1,Excellent
CUST01479,SHP01479,2,Excellent
CUST01480,SHP01480,5,On time
CUST01481,SHP01481,3,On time
CUST01482,SHP01482,3,Great service
CUST01483,SHP01483,1,Package damaged
CUST01484,SHP01484,5,Poor communication
CUST01485,SHP01485,4,Package damaged
CUST01486,SHP01486,5,On time
CUST01487,SHP01487,3,Late delivery
CUST01488,SHP01488,4,Poor communication
CUST01489,SHP01489,2,Great service
CUST01490,SHP01490,1,Late delivery
CUST01491,SHP01491,1,On time
CUST01492,SHP01492,4,Excellent
CUST01493,SHP01493,1,Late delivery
CUST01494,SHP01494,1,Excellent
CUST01495,SHP01495,3,Average experience
CUST01496,SHP01496,5,Average experience
CUST01497,SHP01497,4,Poor communication
CUST01498,SHP01498,5,Excellent
CUST01499,SHP01499,5,On time
CUST01500,SHP01500,5,Late delivery
CUST01501,SHP01501,4,Late delivery
CUST01502,SHP01502,5,On time
CUST01503,SHP01503,2,Average experience
CUST01504,SHP01504,4,Poor communication
CUST01505,SHP01505,5,On time
CUST01506,SHP01506,4,Excellent
CUST01507,SHP01507,3,On time
CUST01508,SHP01508,3,Package damaged
CUST01509,SHP01509,2,On time
CUST01510,SHP01510,5,Great service
CUST01511,SHP01511,1,On time
CUST01512,SHP01512,2,Great service
CUST01513,SHP01513,5,Poor communication
CUST01514,SHP01514,2,Package damaged
CUST01515,SHP01515,1,Poor communication
CUST01516,SHP01516,4,Late delivery
CUST01517,SHP01517,2,Excellent
CUST01518,SHP01518,2,Excellent
CUST01519,SHP01519,1,Late delivery
CUST01520,SHP01520,2,Excellent
CUST01521,SHP01521,4,Late delivery
CUST01522,SHP01522,4,Very satisfied
CUST01523,SHP01523,1,Package damaged
CUST01524,SHP01524,2,Great service
CUST01525,SHP01525,2,Poor communication
CUST01526,SHP01526,2,Excellent
CUST01527,SHP01527,2,Package damaged
CUST01528,SHP01528,5,Average experience
CUST01529,SHP01529,4,Great service
CUST01530,SHP01530,4,Very satisfied
CUST01531,SHP01531,4,Great service
CUST01532,SHP01532,3,Late delivery
CUST01533,SHP01533,5,Package damaged
CUST01534,SHP01534,5,Very satisfied
CUST01535,SHP01535,4,Average experience
CUST01536,SHP01536,4,Excellent
CUST01537,SHP01537,1,Very satisfied
CUST01538,SHP01538,4,Late delivery
CUST01539,SHP01539,1,Great service
CUST01540,SHP01540,4,Poor communication
CUST01541,SHP01541,2,Excellent
CUST01542,SHP01542,1,Great service
CUST01543,SHP01543,2,Package damaged
CUST01544,SHP01544,1,Poor communication
CUST01545,SHP01545,1,Great service
CUST01546,SHP01546,5,Very satisfied
CUST01547,SHP01547,2,Excellent
CUST01548,SHP01548,4,Late delivery
CUST01549,SHP01549,3,Excellent
CUST01550,SHP01550,2,Average experience
CUST01551,SHP01551,3,Excellent
CUST01552,SHP01552,1,Average experience
CUST01553,SHP01553,5,Package damaged
CUST01554,SHP01554,5,Late delivery
CUST01555,SHP01555,4,Average experience
CUST01556,SHP01556,2,Poor communication
CUST01557,SHP01557,2,Package damaged
CUST01558,SHP01558,5,On time
CUST01559,SHP01559,5,Late delivery
CUST01560,SHP01560,5,Package damaged
CUST01561,SHP01561,4,Package damaged
CUST01562,SHP01562,2,Very satisfied
CUST01563,SHP01563,5,Average experience
CUST01564,SHP01564,5,Great service
CUST01565,SHP01565,4,Great service
CUST01566,SHP01566,3,Late delivery
CUST01567,SHP01567,2,Poor communication
CUST01568,SHP01568,4,Package damaged
CUST01569,SHP01569,1,Poor communication
CUST01570,SHP01570,5,Package damaged
CUST01571,SHP01571,1,On time
CUST01572,SHP01572,4,Late delivery
CUST01573,SHP01573,1,Package damaged
CUST01574,SHP01574,3,Package damaged
CUST01575,SHP01575,3,Very satisfied
CUST01576,SHP01576,1,Poor communication
CUST01577,SHP01577,1,Very satisfied
CUST01578,SHP01578,1,Very satisfied
CUST01579,SHP01579,4,Poor communication
CUST01580,SHP01580,1,Excellent
CUST01581,SHP01581,5,Excellent
CUST01582,SHP01582,5,Average experience
CUST01583,SHP01583,2,Poor communication
CUST01584,SHP01584,4,Average experience
CUST01585,SHP01585,5,Average experience
CUST01586,SHP01586,4,Late delivery
CUST01587,SHP01587,1,Package damaged
CUST01588,SHP01588,5,Great service
CUST01589,SHP01589,3,Poor communication
CUST01590,SHP01590,1,Excellent
CUST01591,SHP01591,5,Excellent
CUST01592,SHP01592,3,Excellent
CUST01593,SHP01593,2,Late delivery
CUST01594,SHP01594,3,Poor communication
CUST01595,SHP01595,3,On time
CUST01596,SHP01596,2,Package damaged
CUST01597,SHP01597,1,Poor communication
CUST01598,SHP01598,5,On time
CUST01599,SHP01599,3,Excellent
CUST01600,SHP01600,1,Average experience
CUST01601,SHP01601,2,Poor communication
CUST01602,SHP01602,1,On time
CUST01603,SHP01603,1,Average experience
CUST01604,SHP01604,4,Excellent
CUST01605,SHP01605,3,On time
CUST01606,SHP01606,2,Average experience
CUST01607,SHP01607,2,Average experience
CUST01608,SHP01608,3,Great service
CUST01609,SHP01609,3,Great service
CUST01610,SHP01610,3,On time
CUST01611,SHP01611,4,Package damaged
CUST01612,SHP01612,4,Late delivery
CUST01613,SHP01613,2,Package damaged
CUST01614,SHP01614,3,Late delivery
CUST01615,SHP01615,4,Very satisfied
CUST01616,SHP01616,5,Very satisfied
CUST01617,SHP01617,1,Package damaged
CUST01618,SHP01618,2,Package damaged
CUST01619,SHP01619,5,On time
CUST01620,SHP01620,2,On time
CUST01621,SHP01621,4,On time
CUST01622,SHP01622,5,Package damaged
CUST01623,SHP01623,3,Excellent
CUST01624,SHP01624,4,Poor communication
CUST01625,SHP01625,2,On time
CUST01626,SHP01626,1,Late delivery
CUST01627,SHP01627,4,Poor communication
CUST01628,SHP01628,5,Average experience
CUST01629,SHP01629,2,Very satisfied
CUST01630,SHP01630,2,On time
CUST01631,SHP01631,1,Excellent
CUST01632,SHP01632,5,Package damaged
CUST01633,SHP01633,2,On time
CUST01634,SHP01634,1,Average experience
CUST01635,SHP01635,2,Package damaged
CUST01636,SHP01636,1,Average experience
CUST01637,SHP01637,3,Excellent
CUST01638,SHP01638,1,Great service
CUST01639,SHP01639,2,On time
CUST01640,SHP01640,5,Great service
CUST01641,SHP01641,2,Average experience
CUST01642,SHP01642,3,Poor communication
CUST01643,SHP01643,1,Great service
CUST01644,SHP01644,1,Late delivery
CUST01645,SHP01645,1,Late delivery
CUST01646,SHP01646,3,On time
CUST01647,SHP01647,3,Great service
CUST01648,SHP01648,5,On time
CUST01649,SHP01649,4,Great service
CUST01650,SHP01650,2,Excellent
CUST01651,SHP01651,4,On time
CUST01652,SHP01652,4,Very satisfied
CUST01653,SHP01653,5,Very satisfied
CUST01654,SHP01654,2,Late delivery
CUST01655,SHP01655,1,Excellent
CUST01656,SHP01656,5,Very satisfied
CUST01657,SHP01657,1,Package damaged
CUST01658,SHP01658,2,Great service
CUST01659,SHP01659,3,Package damaged
CUST01660,SHP01660,3,Very satisfied
CUST01661,SHP01661,3,Package damaged
CUST01662,SHP01662,2,Excellent
CUST01663,SHP01663,3,Late delivery
CUST01664,SHP01664,1,Great service
CUST01665,SHP01665,4,Poor communication
CUST01666,SHP01666,1,Great service
CUST01667,SHP01667,1,Excellent
CUST01668,SHP01668,4,Great service
CUST01669,SHP01669,1,Great service
CUST01670,SHP01670,3,On time
CUST01671,SHP01671,2,On time
CUST01672,SHP01672,2,Poor communication
CUST01673,SHP01673,3,Poor communication
CUST01674,SHP01674,4,Excellent
CUST01675,SHP01675,2,Great service
CUST01676,SHP01676,4,Late delivery
CUST01677,SHP01677,2,Package damaged
CUST01678,SHP01678,5,Poor communication
CUST01679,SHP01679,4,Very satisfied
CUST01680,SHP01680,2,On time
CUST01681,SHP01681,4,Average experience
CUST01682,SHP01682,1,Very satisfied
CUST01683,SHP01683,5,Very satisfied
CUST01684,SHP01684,4,Average experience
CUST01685,SHP01685,4,Very satisfied
CUST01686,SHP01686,3,On time
CUST01687,SHP01687,2,Very satisfied
CUST01688,SHP01688,4,On time
CUST01689,SHP01689,2,Package damaged
CUST01690,SHP01690,5,On time
CUST01691,SHP01691,5,Package damaged
CUST01692,SHP01692,5,Very satisfied
CUST01693,SHP01693,2,Great service
CUST01694,SHP01694,3,Very satisfied
CUST01695,SHP01695,2,Great service
CUST01696,SHP01696,3,Poor communication
CUST01697,SHP01697,1,Excellent
CUST01698,SHP01698,3,Poor communication
CUST01699,SHP01699,5,Average experience
CUST01700,SHP01700,5,On time
CUST01701,SHP01701,4,Package damaged
CUST01702,SHP01702,3,On time
CUST01703,SHP01703,5,Great service
CUST01704,SHP01704,4,Average experience
CUST01705,SHP01705,3,Great service
CUST01706,SHP01706,2,On time
CUST01707,SHP01707,3,Very satisfied
CUST01708,SHP01708,3,Poor communication
CUST01709,SHP01709,5,Package damaged
CUST01710,SHP01710,5,On time
CUST01711,SHP01711,5,Poor communication
CUST01712,SHP01712,2,Average experience
CUST01713,SHP01713,2,Great service
CUST01714,SHP01714,3,Excellent
CUST01715,SHP01715,3,Package damaged
CUST01716,SHP01716,2,Late delivery
CUST01717,SHP01717,4,On time
CUST01718,SHP01718,5,Poor communication
CUST01719,SHP01719,3,Great service
CUST01720,SHP01720,4,Package damaged
CUST01721,SHP01721,5,Poor communication
CUST01722,SHP01722,4,Very satisfied
CUST01723,SHP01723,1,Late delivery
CUST01724,SHP01724,1,Very satisfied
CUST01725,SHP01725,1,Poor communication
CUST01726,SHP01726,2,Very satisfied
CUST01727,SHP01727,5,Excellent
CUST01728,SHP01728,2,Great service
CUST01729,SHP01729,3,Poor communication
CUST01730,SHP01730,3,Poor communication
CUST01731,SHP01731,2,Poor communication
CUST01732,SHP01732,3,Excellent
CUST01733,SHP01733,1,Very satisfied
CUST01734,SHP01734,5,Average experience
CUST01735,SHP01735,4,Very satisfied
CUST01736,SHP01736,5,Late delivery
CUST01737,SHP01737,2,On time
CUST01738,SHP01738,1,Great service
CUST01739,SHP01739,4,Late delivery
CUST01740,SHP01740,1,Excellent
CUST01741,SHP01741,1,Excellent
CUST01742,SHP01742,4,On time
CUST01743,SHP01743,1,Late delivery
CUST01744,SHP01744,3,Average experience
CUST01745,SHP01745,1,Very satisfied
CUST01746,SHP01746,3,Very satisfied
CUST01747,SHP01747,5,Great service
CUST01748,SHP01748,3,On time
CUST01749,SHP01749,1,Excellent
CUST01750,SHP01750,5,Average experience
CUST01751,SHP01751,4,Very satisfied
CUST01752,SHP01752,1,Average experience
CUST01753,SHP01753,3,Excellent
CUST01754,SHP01754,2,Average experience
CUST01755,SHP01755,2,Excellent
CUST01756,SHP01756,3,Very satisfied
CUST01757,SHP01757,1,Excellent
CUST01758,SHP01758,5,Average experience
CUST01759,SHP01759,4,On time
CUST01760,SHP01760,1,Great service
CUST01761,SHP01761,1,Very satisfied
CUST01762,SHP01762,4,Great service
CUST01763,SHP01763,2,Package damaged
CUST01764,SHP01764,2,Poor communication
CUST01765,SHP01765,4,Great service
CUST01766,SHP01766,3,Excellent
CUST01767,SHP01767,2,Great service
CUST01768,SHP01768,4,Package damaged
CUST01769,SHP01769,2,Excellent
CUST01770,SHP01770,4,Average experience
CUST01771,SHP01771,5,Very satisfied
CUST01772,SHP01772,3,Great service
CUST01773,SHP01773,2,Great service
CUST01774,SHP01774,3,Package damaged
CUST01775,SHP01775,5,On time
CUST01776,SHP01776,4,Very satisfied
CUST01777,SHP01777,5,Late delivery
CUST01778,SHP01778,3,Average experience
CUST01779,SHP01779,5,Late delivery
CUST01780,SHP01780,3,Very satisfied
CUST01781,SHP01781,1,Excellent
CUST01782,SHP01782,5,On time
CUST01783,SHP01783,1,Package damaged
CUST01784,SHP01784,1,On time
CUST01785,SHP01785,5,Average experience
CUST01786,SHP01786,3,Package damaged
CUST01787,SHP01787,2,Package damaged
CUST01788,SHP01788,1,Excellent
CUST01789,SHP01789,3,Average experience
CUST01790,SHP01790,3,On time
CUST01791,SHP01791,5,On time
CUST01792,SHP01792,2,Very satisfied
CUST01793,SHP01793,3,On time
CUST01794,SHP01794,4,Great service
CUST01795,SHP01795,1,Package damaged
CUST01796,SHP01796,3,Package damaged
CUST01797,SHP01797,4,Excellent
CUST01798,SHP01798,2,Late delivery
CUST01799,SHP01799,3,Average experience
CUST01800,SHP01800,4,Excellent
CUST01801,SHP01801,1,Poor communication
CUST01802,SHP01802,2,Average experience
CUST01803,SHP01803,2,Poor communication
CUST01804,SHP01804,1,Late delivery
CUST01805,SHP01805,2,On time
CUST01806,SHP01806,1,Poor communication
CUST01807,SHP01807,3,On time
CUST01808,SHP01808,1,On time
CUST01809,SHP01809,5,Great service
CUST01810,SHP01810,2,Great service
CUST01811,SHP01811,4,Great service
CUST01812,SHP01812,4,On time
CUST01813,SHP01813,2,Average experience
CUST01814,SHP01814,5,Package damaged
CUST01815,SHP01815,1,Great service
CUST01816,SHP01816,3,Late delivery
CUST01817,SHP01817,2,On time
CUST01818,SHP01818,3,Excellent
CUST01819,SHP01819,2,Average experience
CUST01820,SHP01820,4,Package damaged
CUST01821,SHP01821,3,Package damaged
CUST01822,SHP01822,5,Excellent
CUST01823,SHP01823,2,Poor communication
CUST01824,SHP01824,4,On time
CUST01825,SHP01825,1,Average experience
CUST01826,SHP01826,1,Poor communication
CUST01827,SHP01827,5,Excellent
CUST01828,SHP01828,3,Late delivery
CUST01829,SHP01829,4,On time
CUST01830,SHP01830,5,Excellent
CUST01831,SHP01831,3,Poor communication
CUST01832,SHP01832,2,Very satisfied
CUST01833,SHP01833,3,Late delivery
CUST01834,SHP01834,4,Late delivery
CUST01835,SHP01835,5,Poor communication
CUST01836,SHP01836,1,On time
CUST01837,SHP01837,3,Excellent
CUST01838,SHP01838,1,Late delivery
CUST01839,SHP01839,2,Late delivery
CUST01840,SHP01840,2,Poor communication
CUST01841,SHP01841,5,Poor communication
CUST01842,SHP01842,5,Package damaged
CUST01843,SHP01843,3,Great service
CUST01844,SHP01844,2,Poor communication
CUST01845,SHP01845,2,Great service
CUST01846,SHP01846,3,Great service
CUST01847,SHP01847,4,Poor communication
CUST01848,SHP01848,1,Very satisfied
CUST01849,SHP01849,5,On time
CUST01850,SHP01850,5,Very satisfied
CUST01851,SHP01851,2,Poor communication
CUST01852,SHP01852,3,Excellent
CUST01853,SHP01853,2,Poor communication
CUST01854,SHP01854,2,Excellent
CUST01855,SHP01855,4,Very satisfied
CUST01856,SHP01856,4,Very satisfied
CUST01857,SHP01857,3,Excellent
CUST01858,SHP01858,3,Average experience
CUST01859,SHP01859,3,Package damaged
CUST01860,SHP01860,1,Excellent
CUST01861,SHP01861,4,Excellent
CUST01862,SHP01862,1,Great service
CUST01863,SHP01863,4,Great service
CUST01864,SHP01864,4,Late delivery
CUST01865,SHP01865,4,Excellent
CUST01866,SHP01866,5,Average experience
CUST01867,SHP01867,2,Very satisfied
CUST01868,SHP01868,3,Poor communication
CUST01869,SHP01869,2,Very satisfied
CUST01870,SHP01870,4,Package damaged
CUST01871,SHP01871,5,Poor communication
CUST01872,SHP01872,3,Average experience
CUST01873,SHP01873,1,On time
CUST01874,SHP01874,2,On time
CUST01875,SHP01875,1,Excellent
CUST01876,SHP01876,1,Very satisfied
CUST01877,SHP01877,2,Poor communication
CUST01878,SHP01878,3,Poor communication
CUST01879,SHP01879,2,Average experience
CUST01880,SHP01880,1,On time
CUST01881,SHP01881,4,Great service
CUST01882,SHP01882,5,Package damaged
CUST01883,SHP01883,2,Excellent
CUST01884,SHP01884,4,Great service
CUST01885,SHP01885,4,Late delivery
CUST01886,SHP01886,4,Late delivery
CUST01887,SHP01887,3,On time
CUST01888,SHP01888,4,Excellent
CUST01889,SHP01889,2,On time
CUST01890,SHP01890,4,Great service
CUST01891,SHP01891,2,Late delivery
CUST01892,SHP01892,3,Great service
CUST01893,SHP01893,2,Excellent
CUST01894,SHP01894,2,Excellent
CUST01895,SHP01895,3,Late delivery
CUST01896,SHP01896,4,Poor communication
CUST01897,SHP01897,2,Package damaged
CUST01898,SHP01898,4,On time
CUST01899,SHP01899,4,Excellent
CUST01900,SHP01900,5,Average experience
CUST01901,SHP01901,3,Poor communication
CUST01902,SHP01902,3,Poor communication
CUST01903,SHP01903,5,Poor communication
CUST01904,SHP01904,4,On time
CUST01905,SHP01905,2,Very satisfied
CUST01906,SHP01906,2,On time
CUST01907,SHP01907,4,Excellent
CUST01908,SHP01908,2,Very satisfied
CUST01909,SHP01909,1,Package damaged
CUST01910,SHP01910,2,Late delivery
CUST01911,SHP01911,3,Great service
CUST01912,SHP01912,2,Package damaged
CUST01913,SHP01913,5,Package damaged
CUST01914,SHP01914,4,Late delivery
CUST01915,SHP01915,4,Average experience
CUST01916,SHP01916,1,Very satisfied
CUST01917,SHP01917,4,Excellent
CUST01918,SHP01918,1,Excellent
CUST01919,SHP01919,1,Excellent
CUST01920,SHP01920,4,Poor communication
CUST01921,SHP01921,3,On time
CUST01922,SHP01922,1,Late delivery
CUST01923,SHP01923,5,Average experience
CUST01924,SHP01924,2,On time
CUST01925,SHP01925,1,Great service
CUST01926,SHP01926,3,Great service
CUST01927,SHP01927,2,Late delivery
CUST01928,SHP01928,5,Late delivery
CUST01929,SHP01929,1,Very satisfied
CUST01930,SHP01930,3,Poor communication
CUST01931,SHP01931,5,Poor communication
CUST01932,SHP01932,2,Late delivery
CUST01933,SHP01933,4,Average experience
CUST01934,SHP01934,4,Very satisfied
CUST01935,SHP01935,3,Late delivery
CUST01936,SHP01936,2,Package damaged
CUST01937,SHP01937,3,Excellent
CUST01938,SHP01938,2,Package damaged
CUST01939,SHP01939,4,Package damaged
CUST01940,SHP01940,2,Very satisfied
CUST01941,SHP01941,5,Package damaged
CUST01942,SHP01942,5,Average experience
CUST01943,SHP01943,5,Late delivery
CUST01944,SHP01944,1,Poor communication
CUST01945,SHP01945,1,Great service
CUST01946,SHP01946,1,Late delivery
CUST01947,SHP01947,4,Great service
CUST01948,SHP01948,4,Very satisfied
CUST01949,SHP01949,2,On time
CUST01950,SHP01950,3,Package damaged
CUST01951,SHP01951,3,Average experience
CUST01952,SHP01952,5,Average experience
CUST01953,SHP01953,3,Package damaged
CUST01954,SHP01954,4,On time
CUST01955,SHP01955,3,Poor communication
CUST01956,SHP01956,4,Package damaged
CUST01957,SHP01957,1,Great service
CUST01958,SHP01958,3,Late delivery
CUST01959,SHP01959,1,Package damaged
CUST01960,SHP01960,1,Very satisfied
CUST01961,SHP01961,2,Great service
CUST01962,SHP01962,5,Poor communication
CUST01963,SHP01963,1,Very satisfied
CUST01964,SHP01964,5,Package damaged
CUST01965,SHP01965,2,Very satisfied
CUST01966,SHP01966,4,Package damaged
CUST01967,SHP01967,1,Late delivery
CUST01968,SHP01968,5,Very satisfied
CUST01969,SHP01969,2,Excellent
CUST01970,SHP01970,1,Excellent
CUST01971,SHP01971,5,Poor communication
CUST01972,SHP01972,1,Late delivery
CUST01973,SHP01973,4,Poor communication
CUST01974,SHP01974,5,Great service
CUST01975,SHP01975,5,Late delivery
CUST01976,SHP01976,4,Great service
CUST01977,SHP01977,1,Great service
CUST01978,SHP01978,4,Late delivery
CUST01979,SHP01979,2,Great service
CUST01980,SHP01980,5,Very satisfied
CUST01981,SHP01981,1,Late delivery
CUST01982,SHP01982,1,Excellent
CUST01983,SHP01983,3,Late delivery
CUST01984,SHP01984,2,Poor communication
CUST01985,SHP01985,5,Average experience
CUST01986,SHP01986,1,Late delivery
CUST01987,SHP01987,2,Package damaged
CUST01988,SHP01988,1,Poor communication
CUST01989,SHP01989,5,Very satisfied
CUST01990,SHP01990,3,On time
CUST01991,SHP01991,4,Poor communication
CUST01992,SHP01992,4,Great service
CUST01993,SHP01993,2,Late delivery
CUST01994,SHP01994,2,Great service
CUST01995,SHP01995,5,Great service
CUST01996,SHP01996,4,Great service
CUST01997,SHP01997,5,Excellent
CUST01998,SHP01998,1,Very satisfied
CUST01999,SHP01999,3,Great service
CUST02000,SHP02000,2,Excellent
